com,sci,pnoct
Abert's Towhee,Melozone aberti,0.16317991631799164
Acadian Flycatcher,Empidonax virescens,0.1111111111111111
Acorn Woodpecker,Melanerpes formicivorus,0.13520852189653973
Alder Flycatcher,Empidonax alnorum,0
Allen's Hummingbird,Selasphorus sasin,0.15434314429289303
American Avocet,Recurvirostra americana,0.45454545454545453
American Bittern,Botaurus lentiginosus,0.5714285714285714
American Black Duck,Anas rubripes,0.5333333333333333
American Bullfrog,Lithobates catesbeianus,0
American Coot,Fulica americana,0.23076923076923078
American Crow,Corvus brachyrhynchos,0.13098610042955489
American Dipper,Cinclus mexicanus,0.09523809523809523
American Goldfinch,Spinus tristis,0.007380258604989983
American Kestrel,Falco sparverius,0.16326530612244897
American Oystercatcher,Haematopus palliatus,0
American Pipit,Anthus rubescens,0.17543859649122806
American Redstart,Setophaga ruticilla,0
American Robin,Turdus migratorius,0.6035644373329702
American Three-toed Woodpecker,Picoides dorsalis,0
American Tree Sparrow,Spizelloides arborea,0.06083068596305448
American Wigeon,Mareca americana,0.504424778761062
American Woodcock,Scolopax minor,0.9219808202849867
Anhinga,Anhinga anhinga,0
Anna's Hummingbird,Calypte anna,0.2962979869448122
Antillean Nighthawk,Chordeiles gundlachii,1
Arctic Tern,Sterna paradisaea,0
Ash-throated Flycatcher,Myiarchus cinerascens,0.4056372549019608
Bachman's Sparrow,Peucaea aestivalis,0.11794871794871795
Bahama Mockingbird,Mimus gundlachii,0.6
Baird's Sandpiper,Calidris bairdii,0
Bald Eagle,Haliaeetus leucocephalus,0.3961267605633803
Baltimore Oriole,Icterus galbula,0.25
Bananaquit,Coereba flaveola,0.05263157894736842
Band-tailed Pigeon,Patagioenas fasciata,0.2926829268292683
Banded Wren,Thryophilus pleurostictus,0.1891891891891892
Bank Swallow,Riparia riparia,0
Bare-throated Tiger-Heron,Tigrisoma mexicanum,0.9767441860465116
Barn Owl,Tyto alba,0.8682795698924731
Barn Swallow,Hirundo rustica,0.3367094305649336
Barred Antshrike,Thamnophilus doliatus,0
Barred Owl,Strix varia,0.8568960100534088
Bay Wren,Cantorchilus nigricapillus,0.1111111111111111
Bell's Sparrow,Artemisiospiza belli,0.3684210526315789
Bell's Vireo,Vireo bellii,0.025906735751295335
Belted Kingfisher,Megaceryle alcyon,0.11847014925373134
Bewick's Wren,Thryomanes bewickii,0.20932813342211232
Bird-voiced Treefrog,Dryophytes avivoca,1
Black Catbird,Melanoptila glabrirostris,0
Black Oystercatcher,Haematopus bachmani,0.5
Black Phoebe,Sayornis nigricans,0.2788871590062953
Black Redstart,Phoenicurus ochruros,0.06666666666666667
Black Scoter,Melanitta americana,0.7352941176470589
Black Skimmer,Rynchops niger,1
Black Tern,Chlidonias niger,0
Black Vulture,Coragyps atratus,0
Black-and-white Warbler,Mniotilta varia,0.040563702151971054
Black-backed Woodpecker,Picoides arcticus,0
Black-bellied Plover,Pluvialis squatarola,0.2857142857142857
Black-bellied Whistling-Duck,Dendrocygna autumnalis,0.5779987569919205
Black-billed Cuckoo,Coccyzus erythropthalmus,0
Black-billed Magpie,Pica hudsonia,0.19459699692073268
Black-capped Chickadee,Poecile atricapillus,0.10282176054958796
Black-capped Gnatcatcher,Polioptila nigriceps,0
Black-capped Vireo,Vireo atricapilla,0
Black-chested Jay,Cyanocorax affinis,0.3
Black-chinned Hummingbird,Archilochus alexandri,0.18207681365576103
Black-chinned Sparrow,Spizella atrogularis,1
Black-crested Titmouse,Baeolophus atricristatus,0.058092802338326636
Black-crowned Antshrike,Thamnophilus atrinucha,0
Black-crowned Night-Heron,Nycticorax nycticorax,0.6730769230769231
Black-faced Grassquit,Melanospiza bicolor,0
Black-headed Grosbeak,Pheucticus melanocephalus,0.2425531914893617
Black-headed Saltator,Saltator atriceps,0.003472222222222222
Black-headed Trogon,Trogon melanocephalus,0.015151515151515152
Black-legged Kittiwake,Rissa tridactyla,0
Black-necked Stilt,Himantopus mexicanus,0.5845070422535211
Black-tailed Gnatcatcher,Polioptila melanura,0
Black-throated Blue Warbler,Setophaga caerulescens,0.5
Black-throated Gray Warbler,Setophaga nigrescens,0.07718120805369127
Black-throated Green Warbler,Setophaga virens,0.0031036623215394167
Black-throated Sparrow,Amphispiza bilineata,0.24410540915395285
Black-vented Oriole,Icterus wagleri,1
Black-whiskered Vireo,Vireo altiloquus,0
Blackpoll Warbler,Setophaga striata,0.32786885245901637
Blue Grosbeak,Passerina caerulea,0
Blue Ground Dove,Claravis pretiosa,1
Blue Jay,Cyanocitta cristata,0.030604646094047987
Blue-gray Gnatcatcher,Polioptila caerulea,0.03486587686452643
Blue-gray Tanager,Thraupis episcopus,0
Blue-headed Parrot,Pionus menstruus,0
Blue-headed Vireo,Vireo solitarius,0.002036659877800407
Blue-winged Teal,Spatula discors,0.16831683168316833
Blue-winged Warbler,Vermivora cyanoptera,1
Boat-billed Flycatcher,Megarynchus pitangua,0.4166666666666667
Boat-tailed Grackle,Quiscalus major,0.003097173828881146
Bobolink,Dolichonyx oryzivorus,0
Bohemian Waxwing,Bombycilla garrulus,0.1348314606741573
Bonaparte's Gull,Chroicocephalus philadelphia,0
Boreal Chickadee,Poecile hudsonicus,0.2610062893081761
Boreal Owl,Aegolius funereus,0.2222222222222222
Brant,Branta bernicla,0.5882352941176471
Brewer's Blackbird,Euphagus cyanocephalus,0.21306818181818182
Brewer's Sparrow,Spizella breweri,0.02127659574468085
Bright-rumped Attila,Attila spadiceus,0
Brimley's Chorus Frog,Pseudacris brimleyi,1
Broad-billed Hummingbird,Cynanthus latirostris,0
Broad-billed Motmot,Electron platyrhynchum,0
Broad-tailed Hummingbird,Selasphorus platycercus,0.310580204778157
Broad-winged Hawk,Buteo platypterus,0.07114308553157474
Brown Creeper,Certhia americana,0.18745852687458528
Brown Jay,Psilorhinus morio,0.03409090909090909
Brown Thrasher,Toxostoma rufum,0.07332729816476011
Brown-crested Flycatcher,Myiarchus tyrannulus,0.15625
Brown-headed Cowbird,Molothrus ater,0.028629692237516435
Brown-headed Nuthatch,Sitta pusilla,0.06211071657255952
Buff-collared Nightjar,Antrostomus ridgwayi,1
Buff-rumped Warbler,Myiothlypis fulvicauda,0.1152542372881356
Buff-throated Saltator,Saltator maximus,0
Bufflehead,Bucephala albeola,0.5
Bullock's Oriole,Icterus bullockii,0.18961625282167044
Burrowing Owl,Athene cunicularia,0.5
Bushtit,Psaltriparus minimus,0.20890382192356152
Cackling Goose,Branta hutchinsii,0.5132496513249651
Cactus Wren,Campylorhynchus brunneicapillus,0.14290464710283482
California Gull,Larus californicus,0.3161290322580645
California Quail,Callipepla californica,0.3596425912137007
California Scrub-Jay,Aphelocoma californica,0.19537149817295982
California Thrasher,Toxostoma redivivum,0.18181818181818182
California Towhee,Melozone crissalis,0.49077475767640477
Canada Goose,Branta canadensis,0.43475662755323774
Canada Jay,Perisoreus canadensis,0.2857142857142857
Canvasback,Aythya valisineria,0
Canyon Towhee,Melozone fusca,0.4921875
Canyon Wren,Catherpes mexicanus,0.1251372118551043
Cape May Warbler,Setophaga tigrina,0
Carib Grackle,Quiscalus lugubris,0.0020161290322580645
Caribbean Dove,Leptotila jamaicensis,0
Carolina Chickadee,Poecile carolinensis,0.22140407404844975
Carolina Wren,Thryothorus ludovicianus,0.11523905615297193
Carrion Crow,Corvus corone,0
Caspian Tern,Hydroprogne caspia,0.7975951903807615
Cassin's Finch,Haemorhous cassinii,0.055944055944055944
Cassin's Kingbird,Tyrannus vociferans,0.31965174129353235
Cassin's Sparrow,Peucaea cassinii,0
Cassin's Vireo,Vireo cassinii,0
Cattle Egret,Bubulcus ibis,0.8421052631578947
Cave Swallow,Petrochelidon fulva,0.1162227602905569
Cedar Waxwing,Bombycilla cedrorum,0.08373712461917887
Cerulean Warbler,Setophaga cerulea,0
Chestnut-backed Antbird,Poliocrania exsul,0
Chestnut-backed Chickadee,Poecile rufescens,0.3240348176752811
Chestnut-headed Oropendola,Psarocolius wagleri,0
Chihuahuan Raven,Corvus cryptoleucus,0.3
Chimney Swift,Chaetura pelagica,0.13741967375185368
Chipping Sparrow,Spizella passerina,0.0782162101481814
Chuck-will's-widow,Antrostomus carolinensis,0.9992152759612869
Chukar,Alectoris chukar,0.9285714285714286
Cinnamon Hummingbird,Amazilia rutila,0.5684210526315789
Cinnamon-bellied Saltator,Saltator grandis,0.03125
Clapper Rail,Rallus crepitans,0.16666666666666666
Clark's Nutcracker,Nucifraga columbiana,0.6666666666666666
Clay-colored Sparrow,Spizella pallida,0.7391304347826086
Clay-colored Thrush,Turdus grayi,0.0666049953746531
Cliff Swallow,Petrochelidon pyrrhonota,0.15384615384615385
Coal Tit,Periparus ater,0.09523809523809523
Collared Forest-Falcon,Micrastur semitorquatus,0.5
Common Buzzard,Buteo buteo,0.16666666666666666
Common Chaffinch,Fringilla coelebs,0
Common Chiffchaff,Phylloscopus collybita,0.03409090909090909
Common Crane,Grus grus,1
Common Eider,Somateria mollissima,0
Common Firecrest,Regulus ignicapilla,0.03680981595092025
Common Gallinule,Gallinula galeata,0.19444444444444445
Common Goldeneye,Bucephala clangula,0.581081081081081
Common Grackle,Quiscalus quiscula,0.03044925643539319
Common Ground Dove,Columbina passerina,0.0379746835443038
Common House-Martin,Delichon urbicum,0
Common Kingfisher,Alcedo atthis,0
Common Loon,Gavia immer,0.6900191938579654
Common Merganser,Mergus merganser,0.4918032786885246
Common Nighthawk,Chordeiles minor,0.2805755395683453
Common Pauraque,Nyctidromus albicollis,0.95
Common Poorwill,Phalaenoptilus nuttallii,0.9166666666666666
Common Potoo,Nyctibius griseus,1
Common Raven,Corvus corax,0.15617048346055978
Common Redpoll,Acanthis flammea,0.14264061283847446
Common Sandpiper,Actitis hypoleucos,1
Common Snipe,Gallinago gallinago,1
Common Swift,Apus apus,0
Common Tody-Flycatcher,Todirostrum cinereum,0
Common Wood-Pigeon,Columba palumbus,0.18384401114206128
Common Yellowthroat,Geothlypis trichas,0.19269102990033224
Cooper's Hawk,Accipiter cooperii,0.1342741935483871
Costa's Hummingbird,Calypte costae,0.06742640075973409
Couch's Kingbird,Tyrannus couchii,0.1504424778761062
Coyote,Canis latrans,0.6567164179104478
Crested Caracara,Caracara plancus,0
Crested Oropendola,Psarocolius decumanus,0
Crested Owl,Lophostrix cristata,1
Crested Tit,Lophophanes cristatus,1
Crimson-backed Tanager,Ramphocelus dimidiatus,0
Crimson-fronted Parakeet,Psittacara finschi,0
Crissal Thrasher,Toxostoma crissale,0
Curve-billed Thrasher,Toxostoma curvirostre,0.4055570398076409
Dark-eyed Junco,Junco hyemalis,0.23756084369929692
Dickcissel,Spiza americana,0
Dog,Dog,0.35247349823321555
Double-crested Cormorant,Nannopterum auritum,0.16666666666666666
Double-striped Thick-knee,Burhinus bistriatus,1
Downy Woodpecker,Dryobates pubescens,0.03982090120986949
Dunlin,Calidris alpina,0.46153846153846156
Dunnock,Prunella modularis,0.018779342723004695
Dusky Flycatcher,Empidonax oberholseri,0.4
Dusky-capped Flycatcher,Myiarchus tuberculifer,0
Dusky-faced Tanager,Mitrospingus cassinii,0
Eared Grebe,Podiceps nigricollis,0
Eastern Bluebird,Sialia sialis,0.23079616182572615
Eastern Gray Squirrel,Sciurus carolinensis,0
Eastern Kingbird,Tyrannus tyrannus,0.10826210826210826
Eastern Meadowlark,Sturnella magna,0.015661707126076743
Eastern Phoebe,Sayornis phoebe,0.34217699436670906
Eastern Screech-Owl,Megascops asio,0.6852540272614622
Eastern Towhee,Pipilo erythrophthalmus,0.1279366978464216
Eastern Whip-poor-will,Antrostomus vociferus,0.9992636229749632
Eastern Wood-Pewee,Contopus virens,0.3524590163934426
Egyptian Goose,Alopochen aegyptiaca,0
Elegant Tern,Thalasseus elegans,0
Engine,Engine,0.4345039270560621
Eurasian Blackbird,Turdus merula,0.3113207547169811
Eurasian Blackcap,Sylvia atricapilla,0
Eurasian Blue Tit,Cyanistes caeruleus,0.10484250117536437
Eurasian Bullfinch,Pyrrhula pyrrhula,0
Eurasian Collared-Dove,Streptopelia decaocto,0.16926017901488216
Eurasian Coot,Fulica atra,0.5625
Eurasian Curlew,Numenius arquata,0.2857142857142857
Eurasian Green Woodpecker,Picus viridis,0.034482758620689655
Eurasian Jackdaw,Corvus monedula,0.5373134328358209
Eurasian Kestrel,Falco tinnunculus,0
Eurasian Magpie,Pica pica,0.013888888888888888
Eurasian Moorhen,Gallinula chloropus,1
Eurasian Nuthatch,Sitta europaea,0
Eurasian Oystercatcher,Haematopus ostralegus,0.8
Eurasian Scops-Owl,Otus scops,0
Eurasian Siskin,Spinus spinus,0
Eurasian Tree Sparrow,Passer montanus,0.0049261083743842365
Eurasian Treecreeper,Certhia familiaris,0.5
Eurasian Wigeon,Mareca penelope,0.5128205128205128
Eurasian Wren,Troglodytes troglodytes,0.4396135265700483
European Goldfinch,Carduelis carduelis,0
European Greenfinch,Chloris chloris,0.023809523809523808
European Robin,Erithacus rubecula,0.3064798598949212
European Serin,Serinus serinus,0.5
European Starling,Sturnus vulgaris,0.07713916938729026
Evening Grosbeak,Coccothraustes vespertinus,0.0050232418653471285
Fasciated Antshrike,Cymbilaimus lineatus,0
Ferruginous Pygmy-Owl,Glaucidium brasilianum,0.978494623655914
Field Sparrow,Spizella pusilla,0.0547783583347379
Fireworks,Fireworks,0.3
Fish Crow,Corvus ossifragus,0.03697567853366232
Flame-rumped Tanager,Ramphocelus flammigerus,0
Florida Scrub-Jay,Aphelocoma coerulescens,0.5454545454545454
Forster's Tern,Sterna forsteri,0.09090909090909091
Fox Sparrow,Passerella iliaca,0.12190082644628099
Franklin's Gull,Leucophaeus pipixcan,0.07317073170731707
Gadwall,Mareca strepera,0.37683872693233483
Gambel's Quail,Callipepla gambelii,0.44803242253889397
Gartered Trogon,Trogon caligatus,0
Gila Woodpecker,Melanerpes uropygialis,0.12986217457886676
Gilded Flicker,Colaptes chrysoides,0.24615384615384617
Glaucous-winged Gull,Larus glaucescens,0.42729083665338646
Golden Eagle,Aquila chrysaetos,0
Golden-crowned Flycatcher,Myiodynastes chrysocephalus,0
Golden-crowned Kinglet,Regulus satrapa,0.10158280179541697
Golden-crowned Sparrow,Zonotrichia atricapilla,0.2452188695282618
Golden-fronted Woodpecker,Melanerpes aurifrons,0.009708737864077669
Grasshopper Sparrow,Ammodramus savannarum,0.3157894736842105
Gray Catbird,Dumetella carolinensis,0.1536740022379709
Gray Flycatcher,Empidonax wrightii,0.375
Gray Hawk,Buteo plagiatus,0
Gray Heron,Ardea cinerea,0.5714285714285714
Gray Kingbird,Tyrannus dominicensis,0.5355691056910569
Gray Partridge,Perdix perdix,0.14285714285714285
Gray Vireo,Vireo vicinior,0
Gray Wagtail,Motacilla cinerea,0
Gray Wolf,Canis lupus,0.30434782608695654
Gray-breasted Wood-Wren,Henicorhina leucophrys,0
Gray-cheeked Thrush,Catharus minimus,0.2
Gray-cowled Wood-Rail,Aramides cajaneus,0.47953216374269003
Gray-crowned Rosy-Finch,Leucosticte tephrocotis,0.09090909090909091
Gray-headed Chachalaca,Ortalis cinereiceps,0.09090909090909091
Great Bittern,Botaurus stellaris,0
Great Black-backed Gull,Larus marinus,0.25
Great Blue Heron,Ardea herodias,0.5985401459854015
Great Crested Flycatcher,Myiarchus crinitus,0.1831280501975366
Great Egret,Ardea alba,0.125
Great Gray Owl,Strix nebulosa,0
Great Horned Owl,Bubo virginianus,0.9701588320231028
Great Kiskadee,Pitangus sulphuratus,0.10661157024793388
Great Spotted Woodpecker,Dendrocopos major,0.02857142857142857
Great Tit,Parus major,0.16112084063047286
Great-tailed Grackle,Quiscalus mexicanus,0.14187240944314292
Greater Prairie-Chicken,Tympanuchus cupido,0.36363636363636365
Greater Roadrunner,Geococcyx californianus,0
Greater Sage-Grouse,Centrocercus urophasianus,0
Greater White-fronted Goose,Anser albifrons,0.4159132007233273
Greater Yellowlegs,Tringa melanoleuca,0.29003021148036257
Green Heron,Butorides virescens,0.46296296296296297
Green Jay,Cyanocorax yncas,0
Green Parakeet,Psittacara holochlorus,0
Green Sandpiper,Tringa ochropus,0
Green Shrike-Vireo,Vireolanius pulchellus,0
Green-tailed Towhee,Pipilo chlorurus,0.13333333333333333
Green-winged Teal,Anas crecca,0.7397092310387108
Greenhouse Frog,Eleutherodactylus planirostris,1
Groove-billed Ani,Crotophaga sulcirostris,0.1301775147928994
Gull-billed Tern,Gelochelidon nilotica,1
Gun,Gun,0
Hairy Woodpecker,Dryobates villosus,0.06173770346387546
Hammond's Flycatcher,Empidonax hammondii,0.2647058823529412
Happy Wren,Pheugopedius felix,0
Harris's Hawk,Parabuteo unicinctus,1
Harris's Sparrow,Zonotrichia querula,0.01694915254237288
Hawfinch,Coccothraustes coccothraustes,0
Heermann's Gull,Larus heermanni,0
Henslow's Sparrow,Centronyx henslowii,0.3333333333333333
Hermit Thrush,Catharus guttatus,0.28125
Hermit Warbler,Setophaga occidentalis,0
Herring Gull,Larus argentatus,0.21553090332805072
Hoary Redpoll,Acanthis hornemanni,0
Hoffmann's Woodpecker,Melanerpes hoffmannii,0.035326086956521736
Honey Bee,Apis mellifera,1
Hooded Merganser,Lophodytes cucullatus,0.6851851851851852
Hooded Oriole,Icterus cucullatus,0.1924508240297714
Hooded Warbler,Setophaga citrina,0.31392931392931395
Horned Grebe,Podiceps auritus,0
Horned Lark,Eremophila alpestris,0.3981191222570533
House Finch,Haemorhous mexicanus,0.12871691504159868
House Sparrow,Passer domesticus,0.0795652633854447
House Wren,Troglodytes aedon,0.613482484545187
Human whistle,Human whistle,0
Hutton's Vireo,Vireo huttoni,0.1848159509202454
Inca Dove,Columbina inca,0.0019249278152069298
Indigo Bunting,Passerina cyanea,0.016129032258064516
Jumping Bush Cricket,Orocharis saltator,1
Juniper Titmouse,Baeolophus ridgwayi,0
Keel-billed Toucan,Ramphastos sulfuratus,0
Kentucky Warbler,Geothlypis formosa,0.045454545454545456
Key West Quail-Dove,Geotrygon chrysia,1
Killdeer,Charadrius vociferus,0.5416174236029039
Ladder-backed Woodpecker,Dryobates scalaris,0.05009633911368015
Lapland Longspur,Calcarius lapponicus,0.125
Lark Bunting,Calamospiza melanocorys,0
Lark Sparrow,Chondestes grammacus,0.022556390977443608
Laughing Falcon,Herpetotheres cachinnans,0.3333333333333333
Laughing Gull,Leucophaeus atricilla,0.24434063959755659
Lawrence's Goldfinch,Spinus lawrencei,0.20186335403726707
Lazuli Bunting,Passerina amoena,0.125
Least Bittern,Ixobrychus exilis,0.5
Least Flycatcher,Empidonax minimus,0
Least Grebe,Tachybaptus dominicus,0
Least Sandpiper,Calidris minutilla,0.4
Lesser Goldfinch,Spinus psaltria,0.19822583070215005
Lesser Greenlet,Pachysylvia decurtata,0
Lesser Nighthawk,Chordeiles acutipennis,0.7272727272727273
Lesser Yellowlegs,Tringa flavipes,0.41232227488151657
Lesson's Motmot,Momotus lessonii,1
Limpkin,Aramus guarauna,0.346875
Lincoln's Sparrow,Melospiza lincolnii,0.08620689655172414
Lineated Woodpecker,Dryocopus lineatus,0
Little Blue Heron,Egretta caerulea,0.5
Little Grebe,Tachybaptus ruficollis,0.25
Little Ringed Plover,Charadrius dubius,0
Loggerhead Shrike,Lanius ludovicianus,0.15709969788519637
Long-billed Dowitcher,Limnodromus scolopaceus,0.1
Long-billed Thrasher,Toxostoma longirostre,0.07692307692307693
Long-eared Owl,Asio otus,0.36538461538461536
Long-tailed Duck,Clangula hyemalis,1
Long-tailed Tit,Aegithalos caudatus,0.011111111111111112
Louisiana Waterthrush,Parkesia motacilla,0.07106274007682459
Lucy's Warbler,Leiothlypis luciae,0.11811023622047244
MacGillivray's Warbler,Geothlypis tolmiei,0.5333333333333333
Magnolia Warbler,Setophaga magnolia,0.75
Mallard,Anas platyrhynchos,0.5699141312413866
Marbled Murrelet,Brachyramphus marmoratus,0.6666666666666666
Marsh Tit,Poecile palustris,0
Marsh Wren,Cistothorus palustris,0.4073756432246998
Melodious Blackbird,Dives dives,0.010517799352750809
Merlin,Falco columbarius,0.3771007133357514
Mexican Jay,Aphelocoma wollweberi,0
Mississippi Kite,Ictinia mississippiensis,0.04
Mistletoe Tyrannulet,Zimmerius parvus,0
Monk Parakeet,Myiopsitta monachus,0
Montezuma Oropendola,Psarocolius montezuma,0.3333333333333333
Mottled Duck,Anas fulvigula,1
Mountain Bluebird,Sialia currucoides,0.28346456692913385
Mountain Chickadee,Poecile gambeli,0.1835127330007876
Mountain Quail,Oreortyx pictus,0.35714285714285715
Mourning Dove,Zenaida macroura,0.14782481841495063
Mute Swan,Cygnus olor,0.06779661016949153
Nashville Warbler,Leiothlypis ruficapilla,0.02142857142857143
Northern Bobwhite,Colinus virginianus,0.07692307692307693
Northern Cardinal,Cardinalis cardinalis,0.1318756144757458
Northern Cricket Frog,Acris crepitans,0
Northern Flicker,Colaptes auratus,0.07842682020802377
Northern Goshawk,Accipiter gentilis,0
Northern Harrier,Circus hudsonius,0.20588235294117646
Northern Hawk Owl,Surnia ulula,1
Northern Jacana,Jacana spinosa,0
Northern Mockingbird,Mimus polyglottos,0.14905933429811866
Northern Parula,Setophaga americana,0.01556236736618722
Northern Pintail,Anas acuta,0.24516129032258063
Northern Pygmy-Owl,Glaucidium gnoma,0.75
Northern Rough-winged Swallow,Stelgidopteryx serripennis,0.10526315789473684
Northern Saw-whet Owl,Aegolius acadicus,0.9699499165275459
Northern Shoveler,Spatula clypeata,0.125
Northern Shrike,Lanius borealis,0.25
Northern Waterthrush,Parkesia noveboracensis,0.045454545454545456
Nuttall's Woodpecker,Dryobates nuttallii,0.2972972972972973
Oak Titmouse,Baeolophus inornatus,0.1403084366495313
Oak Toad,Anaxyrus quercicus,1
Olive Sparrow,Arremonops rufivirgatus,0.24074074074074073
Olive-sided Flycatcher,Contopus cooperi,0.16666666666666666
Orange-billed Nightingale-Thrush,Catharus aurantiirostris,0
Orange-billed Sparrow,Arremon aurantiirostris,0.25853658536585367
Orange-chinned Parakeet,Brotogeris jugularis,0
Orange-crowned Warbler,Leiothlypis celata,0.06860959319975714
Orange-fronted Parakeet,Eupsittula canicularis,0
Orchard Oriole,Icterus spurius,0
Osprey,Pandion haliaetus,0.1838893409275834
Ovenbird,Seiurus aurocapilla,0.031914893617021274
Pacific Chorus Frog,Hyliola regilla,0.9952830188679245
Pacific Loon,Gavia pacifica,1
Pacific Screech-Owl,Megascops cooperi,1
Pacific Wren,Troglodytes pacificus,0.40910626795066735
Pacific-slope Flycatcher,Empidonax difficilis,0.17614906832298136
Painted Bunting,Passerina ciris,0
Painted Redstart,Myioborus pictus,0
Palm Tanager,Thraupis palmarum,0
Palm Warbler,Setophaga palmarum,0.02768166089965398
Pectoral Sandpiper,Calidris melanotos,0
Peregrine Falcon,Falco peregrinus,0.05454545454545454
Phainopepla,Phainopepla nitens,0.1346153846153846
Pickerel Frog,Lithobates palustris,0.66
Pied-billed Grebe,Podilymbus podiceps,0.225
Pileated Woodpecker,Dryocopus pileatus,0.04397408995529605
Pine Grosbeak,Pinicola enucleator,0.07446808510638298
Pine Siskin,Spinus pinus,0.07949947132851566
Pine Warbler,Setophaga pinus,0.06145549244366067
Pinyon Jay,Gymnorhinus cyanocephalus,0.14285714285714285
Piratic Flycatcher,Legatus leucophaius,0
Plain Chachalaca,Ortalis vetula,0.4126984126984127
Power tools,Power tools,0.25
Prairie Warbler,Setophaga discolor,0.014218009478672985
Prothonotary Warbler,Protonotaria citrea,0.11764705882352941
Purple Finch,Haemorhous purpureus,0.12323943661971831
Purple Martin,Progne subis,0.3600485903158371
Pygmy Nuthatch,Sitta pygmaea,0.09627836801408185
Pyrrhuloxia,Cardinalis sinuatus,0.053830227743271224
Red Crossbill,Loxia curvirostra,0.14220183486238533
Red Kite,Milvus milvus,0
Red Knot,Calidris canutus,0
Red Squirrel,Tamiasciurus hudsonicus,0
Red-bellied Woodpecker,Melanerpes carolinus,0.019093755060182436
Red-billed Pigeon,Patagioenas flavirostris,0.03571428571428571
Red-breasted Merganser,Mergus serrator,0
Red-breasted Nuthatch,Sitta canadensis,0.18433296675408173
Red-cockaded Woodpecker,Dryobates borealis,0.023809523809523808
Red-crowned Woodpecker,Melanerpes rubricapillus,0
Red-eyed Vireo,Vireo olivaceus,0.042105263157894736
Red-headed Woodpecker,Melanerpes erythrocephalus,0.1023990637799883
Red-legged Honeycreeper,Cyanerpes cyaneus,0
Red-legged Thrush,Turdus plumbeus,0
Red-lored Parrot,Amazona autumnalis,0
Red-naped Sapsucker,Sphyrapicus nuchalis,0.6666666666666666
Red-necked Grebe,Podiceps grisegena,0.1
Red-shouldered Hawk,Buteo lineatus,0.05810824619367145
Red-tailed Hawk,Buteo jamaicensis,0.07758620689655173
Red-throated Loon,Gavia stellata,1
Red-winged Blackbird,Agelaius phoeniceus,0.022464143770520133
Redhead,Aythya americana,0.8181818181818182
Redwing,Turdus iliacus,0.13333333333333333
Resplendent Quetzal,Pharomachrus mocinno,0
Ring-billed Gull,Larus delawarensis,0.22735447231424516
Ring-necked Duck,Aythya collaris,0.5882352941176471
Ring-necked Pheasant,Phasianus colchicus,0.35592060232717315
Ringed Kingfisher,Megaceryle torquata,0.3333333333333333
Roadside Hawk,Rupornis magnirostris,0
Rock Pigeon,Columba livia,0.24489795918367346
Rock Wren,Salpinctes obsoletus,0.14754098360655737
Rose-breasted Grosbeak,Pheucticus ludovicianus,0.3764478764478765
Rose-ringed Parakeet,Psittacula krameri,0
Rose-throated Becard,Pachyramphus aglaiae,0
Ross's Goose,Anser rossii,1
Rough-legged Hawk,Buteo lagopus,0.8571428571428571
Royal Tern,Thalasseus maximus,0.5
Ruby-crowned Kinglet,Corthylio calendula,0.021156758803483527
Ruby-throated Hummingbird,Archilochus colubris,0.11323328785811733
Ruddy Duck,Oxyura jamaicensis,0
Ruddy Foliage-gleaner,Clibanornis rubiginosus,0
Ruddy Ground Dove,Columbina talpacoti,0
Ruddy Turnstone,Arenaria interpres,0
Ruffed Grouse,Bonasa umbellus,0
Rufous Hummingbird,Selasphorus rufus,0.23697916666666666
Rufous Motmot,Baryphthengus martii,0
Rufous-breasted Hermit,Glaucis hirsutus,0
Rufous-browed Peppershrike,Cyclarhis gujanensis,0
Rufous-crowned Sparrow,Aimophila ruficeps,0.11312964492155243
Rufous-naped Wren,Campylorhynchus rufinucha,0
Rufous-tailed Hummingbird,Amazilia tzacatl,0.3888888888888889
Rufous-winged Sparrow,Peucaea carpalis,0.1644620811287478
Rusty Blackbird,Euphagus carolinus,0.04892966360856269
Sage Thrasher,Oreoscoptes montanus,0
Sagebrush Sparrow,Artemisiospiza nevadensis,0
Sandhill Crane,Antigone canadensis,0.7574133781390491
Sandwich Tern,Thalasseus sandvicensis,0.5
Savannah Sparrow,Passerculus sandwichensis,0.3879781420765027
Say's Phoebe,Sayornis saya,0.2520088388911209
Scaly-naped Pigeon,Patagioenas squamosa,1
Scarlet Tanager,Piranga olivacea,0.2890625
Scissor-tailed Flycatcher,Tyrannus forficatus,0.09473684210526316
Scott's Oriole,Icterus parisorum,0.034482758620689655
Scrub Euphonia,Euphonia affinis,0
Seaside Sparrow,Ammospiza maritima,0
Semipalmated Plover,Charadrius semipalmatus,0.06666666666666667
Sharp-shinned Hawk,Accipiter striatus,0.41025641025641024
Sharp-tailed Grouse,Tympanuchus phasianellus,0
Shiny Cowbird,Molothrus bonariensis,0
Short-billed Pigeon,Patagioenas nigrirostris,0.5
Short-eared Owl,Asio flammeus,0.5
Short-toed Treecreeper,Certhia brachydactyla,0.02857142857142857
Sinaloa Crow,Corvus sinaloae,0
Siren,Siren,0.41690962099125367
Slate-colored Seedeater,Sporophila schistacea,0
Smith's Longspur,Calcarius pictus,1
Smooth-billed Ani,Crotophaga ani,0
Snow Bunting,Plectrophenax nivalis,0.1
Snow Goose,Anser caerulescens,0.5157185628742516
Snowy Egret,Egretta thula,0.25
Social Flycatcher,Myiozetetes similis,0.02631578947368421
Solitary Sandpiper,Tringa solitaria,0.14285714285714285
Song Sparrow,Melospiza melodia,0.11504156070899912
Song Thrush,Turdus philomelos,1
Sooty Grouse,Dendragapus fuliginosus,0.2714285714285714
Sooty-headed Tyrannulet,Phyllomyias griseiceps,1
Sora,Porzana carolina,0.46108949416342415
Southeastern Field Cricket,Gryllus rubens,0.35294117647058826
Southern Cricket Frog,Acris gryllus,0
Southern Lapwing,Vanellus chilensis,1
Southern Rough-winged Swallow,Stelgidopteryx ruficollis,0
Spot-breasted Wren,Pheugopedius maculipectus,0
Spotted Sandpiper,Actitis macularius,0.2558139534883721
Spotted Towhee,Pipilo maculatus,0.3745511834102733
Spring Peeper,Pseudacris crucifer,0.9225746268656716
Spruce Grouse,Canachites canadensis,1
Steller's Jay,Cyanocitta stelleri,0.1416266899258613
Stock Dove,Columba oenas,0.6
Streak-backed Oriole,Icterus pustulatus,1
Striped Chorus Frog,Pseudacris triseriata,0.5813953488372093
Striped Cuckoo,Tapera naevia,0
Strong-billed Woodcreeper,Xiphocolaptes promeropirhynchus,1
Sulphur-bellied Flycatcher,Myiodynastes luteiventris,0
Summer Tanager,Piranga rubra,0.36758433501357113
Swainson's Hawk,Buteo swainsoni,0
Swainson's Thrush,Catharus ustulatus,0.05
Swainson's Warbler,Limnothlypis swainsonii,0.07894736842105263
Swallow-tailed Kite,Elanoides forficatus,0.18867924528301888
Swamp Sparrow,Melospiza georgiana,0.013023782559456399
Swinhoe's White-eye,Zosterops simplex,1
Tennessee Warbler,Leiothlypis peregrina,0
Thick-billed Euphonia,Euphonia laniirostris,0
Townsend's Solitaire,Myadestes townsendi,0.4928684627575277
Townsend's Warbler,Setophaga townsendi,0.09306930693069307
Tree Pipit,Anthus trivialis,0
Tree Swallow,Tachycineta bicolor,0.036885245901639344
Tricolored Blackbird,Agelaius tricolor,0.15
Tropical Kingbird,Tyrannus melancholicus,0.6
Tropical Mockingbird,Mimus gilvus,0
Tropical Screech-Owl,Megascops choliba,1
Trumpeter Swan,Cygnus buccinator,0.35294117647058826
Tufted Titmouse,Baeolophus bicolor,0.039945389559588276
Tundra Swan,Cygnus columbianus,0.41679160419790107
Turkey Vulture,Cathartes aura,0.2393617021276596
Turquoise-browed Motmot,Eumomota superciliosa,0
Upland Sandpiper,Bartramia longicauda,0.6
Varied Thrush,Ixoreus naevius,0.21812727662309836
Vaux's Swift,Chaetura vauxi,0.10526315789473684
Veery,Catharus fuscescens,0.1111111111111111
Verdin,Auriparus flaviceps,0.06131031429836211
Vermilion Flycatcher,Pyrocephalus rubinus,0.5130434782608696
Vesper Sparrow,Pooecetes gramineus,0.25
Violet-green Swallow,Tachycineta thalassina,0.0390625
Virginia Rail,Rallus limicola,0.3023255813953488
Virginia's Warbler,Leiothlypis virginiae,0
Warbling Vireo,Vireo gilvus,0.2732919254658385
Western Bluebird,Sialia mexicana,0.609401097590074
Western Grebe,Aechmophorus occidentalis,0.896551724137931
Western Gull,Larus occidentalis,0.45588235294117646
Western Kingbird,Tyrannus verticalis,0.1732142857142857
Western Meadowlark,Sturnella neglecta,0.2242706645056726
Western Screech-Owl,Megascops kennicottii,0.7916666666666666
Western Tanager,Piranga ludoviciana,0.25064599483204136
Western Wood-Pewee,Contopus sordidulus,0.5
Whimbrel,Numenius phaeopus,0.3595238095238095
Whiskered Screech-Owl,Megascops trichopsis,0
White Ibis,Eudocimus albus,0
White Wagtail,Motacilla alba,0
White-bearded Manakin,Manacus manacus,0
White-breasted Nuthatch,Sitta carolinensis,0.03758520870296013
White-crowned Parrot,Pionus senilis,0.6666666666666666
White-crowned Sparrow,Zonotrichia leucophrys,0.1597914480587618
White-eyed Vireo,Vireo griseus,0.020896343139950507
White-faced Ibis,Plegadis chihi,0
White-fringed Antwren,Formicivora grisea,0
White-fronted Parrot,Amazona albifrons,0.16666666666666666
White-headed Woodpecker,Dryobates albolarvatus,0.05555555555555555
White-tailed Kite,Elanus leucurus,0.9375
White-throated Magpie-Jay,Calocitta formosa,0.8805970149253731
White-throated Sparrow,Zonotrichia albicollis,0.2101075468445411
White-throated Swift,Aeronautes saxatalis,0.1506849315068493
White-tipped Dove,Leptotila verreauxi,0
White-vented Plumeleteer,Chalybura buffonii,0
White-winged Crossbill,Loxia leucoptera,0.12484316185696362
White-winged Dove,Zenaida asiatica,0.1461375384102332
Whooping Motmot,Momotus subrufescens,0.125
Wild Turkey,Meleagris gallopavo,0.45077399380804956
Willet,Tringa semipalmata,0.19047619047619047
Williamson's Sapsucker,Sphyrapicus thyroideus,0.20967741935483872
Wilson's Snipe,Gallinago delicata,0.4074074074074074
Wilson's Warbler,Cardellina pusilla,0.02155576382380506
Winter Wren,Troglodytes hiemalis,0.36061507936507936
Wood Duck,Aix sponsa,0.3069741123214033
Wood Frog,Lithobates sylvaticus,0.045845272206303724
Wood Thrush,Hylocichla mustelina,0.30403800475059384
Woodhouse's Scrub-Jay,Aphelocoma woodhouseii,0.4260869565217391
Worm-eating Warbler,Helmitheros vermivorum,0.1984732824427481
Wrentit,Chamaea fasciata,0.28929242329367566
Yellow Warbler,Setophaga petechia,0
Yellow-bellied Elaenia,Elaenia flavogaster,0
Yellow-bellied Flycatcher,Empidonax flaviventris,0
Yellow-bellied Sapsucker,Sphyrapicus varius,0.074565560821485
Yellow-billed Cuckoo,Coccyzus americanus,0.5517241379310345
Yellow-breasted Chat,Icteria virens,0.42857142857142855
Yellow-crowned Night-Heron,Nyctanassa violacea,0.5833333333333334
Yellow-faced Grassquit,Tiaris olivaceus,0.03076923076923077
Yellow-green Vireo,Vireo flavoviridis,0
Yellow-headed Blackbird,Xanthocephalus xanthocephalus,0.4852275751929731
Yellow-headed Caracara,Milvago chimachima,0
Yellow-naped Parrot,Amazona auropalliata,0
Yellow-olive Flycatcher,Tolmomyias sulphurescens,0
Yellow-rumped Warbler,Setophaga coronata,0.06191588785046729
Yellow-throated Euphonia,Euphonia hirundinacea,0
Yellow-throated Toucan,Ramphastos ambiguus,0.6666666666666666
Yellow-throated Vireo,Vireo flavifrons,0.1772263509258093
Yellow-throated Warbler,Setophaga dominica,0.03636690431969325
Yellow-winged Tanager,Thraupis abbas,0
Yellowhammer,Emberiza citrinella,0
Yosemite Toad,Anaxyrus canorus,0.575
Yucatan Vireo,Vireo magister,0
Yucatan Woodpecker,Melanerpes pygmaeus,1
Zenaida Dove,Zenaida aurita,0
